County,Area
Carlow,Basement
Carlow,Barrow Valley
Cavan,Cavan
Cork,Ballincollig
Cork,Bandon
Cork,Cork City
Cork,Midleton
Donegal,Donegal
Dublin,Blanchardstown
Dublin,Blanchardstown 2
Dublin,Clarehall
Dublin,Coolock
Dublin,Gullivers
Dublin,Kiltipper
Dublin,Kylemore
Dublin,Nutgrove
Dublin,Palmerstown
Dublin,Tallaght
Galway,Terryland
Galway,Westside
Kilkenny,Kilkenny
Kilkenny,Ferrybank
Kerry,Caherciveen
Kerry,Killarney
Kerry,Tralee
Kildare,Athy
Kildare,Naas
Laois,Portlaoise
Laois,Rathdowney
Longford,Longford
Louth,Aston Village
Louth,Drogheda
Louth,Dundalk
Louth,North Link
Mayo,Ballina
Mayo,Castlebar
Mayo,Swinford
Meath,Ashbourne
Meath,Bettystown
Monaghan,Monaghan
Offaly,Offaly
Slig0,Slig0
Tipperary,Carrick On Suir
Tipperary,Clonmel
Tipperary,Nenagh
Waterford,Ferrybank
Waterford,Waterford
Westmeath,Athlone
Westmeath,Mullingar
Wexford,Bunclody
Wexford,Enniscorthy
Wexford,Wexford
Wicklow,Wicklow
